{"metadata":{"asset_id":"76157318-1e7f-462b-a06a-f5f052e27e30","asset_attributes":["data_flow"],"name":"customer_demochurn_activity_analyze-update.csv_flow","asset_type":"data_flow","created_at":"2020-08-31T12:46:03Z","description":"","origin_country":"us","owner_id":"1000331001","project_id":"89b8cb33-3d8f-43f6-a0bd-3d0003fcd0af","sandbox_id":"89b8cb33-3d8f-43f6-a0bd-3d0003fcd0af","size":0,"tags":[],"usage":{"last_update_time":1598877963299,"last_updated_at":"2020-08-31T12:46:03Z"}},"entity":{"data_flow":{"_entity_only":false}},"attachments":[{"id":"7d5301e7-8472-4817-a61a-5ced4bf6a390","version":2,"asset_type":"data_flow","name":"data_flow","description":"","mime":"application/json","object_key":"data_flow/customer_demochurn_activity_analyze-update.csv_flow","create_time":1598877963298,"size":0,"is_remote":false,"is_managed":false,"is_referenced":true,"is_object_key_read_only":false,"is_user_provided_path_key":true,"transfer_complete":true,"is_partitioned":true,"complete_time_ticks":1598877963298,"user_data":{},"test_doc":0,"handle":{"key":"data_flow/customer_demochurn_activity_analyze-update.csv_flow","upload_id":"done","max_part_num":1},"usage":{"access_count":0,"last_accessor_id":"1000331001","last_access_time":1598877963298}}]}