{"metadata":{"asset_id":"6580ed53-e4e8-43b4-8c3e-0f51436f38dc","asset_attributes":["data_asset"],"name":"TraderData.csv","asset_type":"data_asset","created_at":"2020-08-28T03:01:35Z","description":"","origin_country":"us","owner_id":"1000331001","project_id":"89b8cb33-3d8f-43f6-a0bd-3d0003fcd0af","sandbox_id":"89b8cb33-3d8f-43f6-a0bd-3d0003fcd0af","size":8610,"tags":[],"usage":{"last_update_time":1598883693514,"last_updated_at":"2020-08-31T14:21:33Z"}},"entity":{"data_asset":{"mime_type":"text/csv","dataset":false,"schema":{"etag":"W/\"21a2-n0uyfkULYQPRWnhhNDs0kOyrReE\"","fields":[{"name":"Date","type":"string","format":"default"},{"name":"Quarter","type":"integer","format":"default"},{"name":"Month","type":"string","format":"default"},{"name":"MonthNum","type":"integer","format":"default"},{"name":"SharesSold","type":"integer","format":"default"},{"name":"DailyTraders","type":"integer","format":"default"}]}}},"attachments":[{"id":"ade32f7b-2dd7-44ff-ab80-03814cc118f1","version":2,"asset_type":"data_asset","name":"TraderData.csv","mime":"text/csv","object_key":"data_asset/TraderData.csv","create_time":1598584297020,"size":8610,"is_remote":false,"is_managed":false,"is_referenced":true,"is_object_key_read_only":true,"is_user_provided_path_key":true,"transfer_complete":true,"is_partitioned":false,"complete_time_ticks":1598584297020,"user_data":{},"test_doc":0,"handle":{"key":"data_asset/TraderData.csv","upload_id":"done","max_part_num":1},"usage":{"access_count":0,"last_accessor_id":"1000331001","last_access_time":1598584297020}}]}