{"metadata":{"asset_id":"68a60a37-62c4-4e9d-bcd6-7b47b059d042","asset_attributes":["data_asset"],"name":"customer_demochurn_activity_analyze-update.csv","asset_type":"data_asset","created_at":"2020-08-31T11:52:54Z","description":"","origin_country":"us","owner_id":"1000331001","project_id":"89b8cb33-3d8f-43f6-a0bd-3d0003fcd0af","sandbox_id":"89b8cb33-3d8f-43f6-a0bd-3d0003fcd0af","size":312955,"tags":[],"usage":{"last_update_time":1598874775175,"last_updated_at":"2020-08-31T11:52:55Z"}},"entity":{"data_asset":{"mime_type":"text/csv","dataset":false}},"attachments":[{"id":"6306f447-cd04-41de-87d3-691c70d970e3","version":2,"asset_type":"data_asset","name":"customer_demochurn_activity_analyze-update.csv","mime":"text/csv","object_key":"data_asset/customer_demochurn_activity_analyze-update.csv","create_time":1598874775174,"size":312955,"is_remote":false,"is_managed":false,"is_referenced":true,"is_object_key_read_only":true,"is_user_provided_path_key":true,"transfer_complete":true,"is_partitioned":false,"complete_time_ticks":1598874775174,"user_data":{},"test_doc":0,"handle":{"key":"data_asset/customer_demochurn_activity_analyze-update.csv","upload_id":"done","max_part_num":1},"usage":{"access_count":0,"last_accessor_id":"1000331001","last_access_time":1598874775174}}]}