{"metadata":{"asset_id":"2c418f13-42a7-4648-9b35-16b7648a62e9","asset_attributes":["data_asset"],"name":"customer_demochurn_activity_analyze.csv","asset_type":"data_asset","created_at":"2020-08-28T03:01:35Z","description":"","origin_country":"us","owner_id":"1000331001","project_id":"89b8cb33-3d8f-43f6-a0bd-3d0003fcd0af","sandbox_id":"89b8cb33-3d8f-43f6-a0bd-3d0003fcd0af","size":318941,"tags":[],"usage":{"last_update_time":1598883726609,"last_updated_at":"2020-08-31T14:22:06Z"}},"entity":{"data_asset":{"mime_type":"text/csv","dataset":false,"schema":{"etag":"W/\"4dddd-6L8NjmQbYn+1UbBo611B5LoPUbE\"","fields":[{"name":"ID","type":"string","format":"default"},{"name":"AGE_GROUP","type":"string","format":"default"},{"name":"CHURNRISK","type":"string","format":"default"},{"name":"GENDER","type":"string","format":"default"},{"name":"STATUS","type":"string","format":"default"},{"name":"CHILDREN","type":"integer","format":"default"},{"name":"ESTINCOME","type":"number","format":"default"},{"name":"HOMEOWNER","type":"string","format":"default"},{"name":"AGE","type":"string","format":"default"},{"name":"TAXID","type":"string","format":"default"},{"name":"CREDITCARD","type":"number","format":"default"},{"name":"DOB","type":"integer","format":"default"},{"name":"ADDRESS_1","type":"string","format":"default"},{"name":"ADDRESS_2","type":"string","format":"default"},{"name":"CITY","type":"string","format":"default"},{"name":"STATE","type":"string","format":"default"},{"name":"ZIP","type":"integer","format":"default"},{"name":"ZIP4","type":"integer","format":"default"},{"name":"LONGITUDE","type":"any","format":"default"},{"name":"LATITUDE","type":"any","format":"default"},{"name":"TOTALDOLLARVALUETRADED","type":"number","format":"default"},{"name":"TOTALUNITSTRADED","type":"integer","format":"default"},{"name":"LARGESTSINGLETRANSACTION","type":"integer","format":"default"},{"name":"SMALLESTSINGLETRANSACTION","type":"any","format":"default"},{"name":"PERCENTCHANGECALCULATION","type":"number","format":"default"},{"name":"DAYSSINCELASTLOGIN","type":"integer","format":"default"},{"name":"DAYSSINCELASTTRADE","type":"integer","format":"default"},{"name":"NETREALIZEDGAINS_YTD","type":"any","format":"default"},{"name":"NETREALIZEDLOSSES_YTD","type":"any","format":"default"}]}}},"attachments":[{"id":"de9a9139-1112-4ee0-a1c2-04b0d9becc5e","version":2,"asset_type":"data_asset","name":"customer_demochurn_activity_analyze.csv","mime":"text/csv","object_key":"data_asset/customer_demochurn_activity_analyze.csv","create_time":1598583997132,"size":318941,"is_remote":false,"is_managed":false,"is_referenced":true,"is_object_key_read_only":true,"is_user_provided_path_key":true,"transfer_complete":true,"is_partitioned":false,"complete_time_ticks":1598583997132,"user_data":{},"test_doc":0,"handle":{"key":"data_asset/customer_demochurn_activity_analyze.csv","upload_id":"done","max_part_num":1},"usage":{"access_count":1,"last_accessor_id":"1000331001","last_access_time":1598874250424,"last_updater_id":"1000331001","last_update_time":1598874250424}}]}