{"metadata":{"asset_id":"bf22d60c-97b3-4d47-b62c-a8c40c1f011f","asset_attributes":["data_asset"],"name":"TraderDataFinal.csv","asset_type":"data_asset","created_at":"2020-08-28T03:01:35Z","description":"","origin_country":"us","owner_id":"1000331001","project_id":"89b8cb33-3d8f-43f6-a0bd-3d0003fcd0af","sandbox_id":"89b8cb33-3d8f-43f6-a0bd-3d0003fcd0af","size":12757,"tags":[],"usage":{"last_update_time":1598879608573,"last_updated_at":"2020-08-31T13:13:28Z"}},"entity":{"data_asset":{"mime_type":"text/csv","dataset":false,"schema":{"etag":"W/\"31d5-u7+PB3/bMW/5zTuUKgwgEnH6bSA\"","fields":[{"name":"Date","type":"string","format":"default"},{"name":"Quarter","type":"integer","format":"default"},{"name":"Month","type":"string","format":"default"},{"name":"MonthNum","type":"integer","format":"default"},{"name":"SharesSold","type":"integer","format":"default"},{"name":"DailyTraders","type":"integer","format":"default"},{"name":"Before","type":"string","format":"default"}]}}},"attachments":[{"id":"4da99198-491f-4fcc-98fb-6242d65bd8d5","version":2,"asset_type":"data_asset","name":"TraderDataFinal.csv","mime":"text/csv","object_key":"data_asset/TraderDataFinal.csv","create_time":1598583695570,"size":12757,"is_remote":false,"is_managed":false,"is_referenced":true,"is_object_key_read_only":true,"is_user_provided_path_key":true,"transfer_complete":true,"is_partitioned":false,"complete_time_ticks":1598583695570,"user_data":{},"test_doc":0,"handle":{"key":"data_asset/TraderDataFinal.csv","upload_id":"done","max_part_num":1},"usage":{"access_count":0,"last_accessor_id":"1000331001","last_access_time":1598583695570}}]}