{"metadata":{"asset_id":"274b4b8c-5a3e-4e9c-b353-fad3585de427","asset_attributes":["notebook"],"name":"TradingCustomerChurnClassifier-Py36","asset_type":"notebook","created_at":"2020-08-29T18:51:33Z","description":"TradingCustomerChurnClassifier-Py36","origin_country":"us","owner_id":"1000331001","project_id":"89b8cb33-3d8f-43f6-a0bd-3d0003fcd0af","sandbox_id":"89b8cb33-3d8f-43f6-a0bd-3d0003fcd0af","size":23501,"tags":["notebook"],"usage":{"last_update_time":1598874910326,"last_updated_at":"2020-08-31T11:55:10Z"}},"entity":{"notebook":{"kernel":{"name":"python3","display_name":"Python 3.6","language":"python"},"originates_from":{"type":"file"}}},"attachments":[{"id":"fdc13b99-c72c-4dfc-ada1-0d93d566c368","version":2,"asset_type":"notebook","name":"attachment for notebook 274b4b8c-5a3e-4e9c-b353-fad3585de427","description":"attachment for notebook 274b4b8c-5a3e-4e9c-b353-fad3585de427","mime":"application/json","object_key":"notebook/TradingCustomerChurnClassifier-Py36_J6SsMWZSk.ipynb","create_time":1598727093929,"size":23501,"is_remote":false,"is_managed":false,"is_referenced":true,"is_object_key_read_only":false,"is_user_provided_path_key":true,"transfer_complete":true,"is_partitioned":false,"complete_time_ticks":1598727093929,"user_data":{},"test_doc":0,"handle":{"key":"notebook/TradingCustomerChurnClassifier-Py36_J6SsMWZSk.ipynb","upload_id":"done","max_part_num":1},"usage":{"access_count":0,"last_accessor_id":"1000331001","last_access_time":1598727093929}}]}