{"metadata":{"asset_id":"f1798c2a-18bc-4754-8fb3-69fadc43197e","asset_attributes":["notebook"],"name":"Churn Risk Model Auto AI - P4 notebook","asset_type":"notebook","created_at":"2020-08-31T14:39:03Z","description":"","origin_country":"us","owner_id":"1000331001","project_id":"89b8cb33-3d8f-43f6-a0bd-3d0003fcd0af","sandbox_id":"89b8cb33-3d8f-43f6-a0bd-3d0003fcd0af","size":157968,"tags":["notebook"],"usage":{"last_update_time":1598884875214,"last_updated_at":"2020-08-31T14:41:15Z"}},"entity":{"notebook":{"kernel":{"name":"python3","display_name":"Python 3.6","language":"python"},"originates_from":{"url":"https://internal-nginx-svc:12443/v2/asset_files/auto_ml/c966a2da-2163-4c3d-899b-2be741314561/wml_data/df7a326e-ab23-4afe-bd2a-487aded4890a/data/automl/hpo_c_output/Pipeline1/notebook.ipynb?project_id=89b8cb33-3d8f-43f6-a0bd-3d0003fcd0af&signature=ZeuuJRRenAgWesjkuQrAzw%3D%3D%3AHU8OoQxd5vJMBoTm2LEXEA8VnSExLOQSeyDakeyC50KUiG0FXGFQIUMf9lhn56XBTH%2F3KHohbRkr6O3jucPp5x63jE0kWVNBNNbb2s52IUssLP2YvGhjVunyffQahVb%2FtASSs0ZDE2ITgPeLtEibE0WxlvncaIy8KIjF6xUaazj9o2B%2F3OytZBm99pcz9WF10%2FyPPXlMFUrfoKatzs74YPFy8RtZexW49Y9QLfQY79fngC84EskX7m7rowyxijAfOZ7Yu0qevEPfh4DgZEnUM1xIpUb%2FR17kbG25GV3VQSeHgyqJ0ctKxiuf6SQNRLsXeRI2cuUZ8VZMT5cS1YRJTuTHnib4ksr3nA%3D%3D","type":"url"}}},"attachments":[{"id":"2f8c4a89-aed5-4f20-b769-2a8f62244d1f","version":2,"asset_type":"notebook","name":"attachment for notebook f1798c2a-18bc-4754-8fb3-69fadc43197e","description":"attachment for notebook f1798c2a-18bc-4754-8fb3-69fadc43197e","mime":"application/json","object_key":"notebook/Churn_Risk_Model_Auto_AI_-_P4_notebook_uFEq2LQpn.ipynb","create_time":1598884743668,"size":157968,"is_remote":false,"is_managed":false,"is_referenced":true,"is_object_key_read_only":false,"is_user_provided_path_key":true,"transfer_complete":true,"is_partitioned":false,"complete_time_ticks":1598884743668,"user_data":{},"test_doc":0,"handle":{"key":"notebook/Churn_Risk_Model_Auto_AI_-_P4_notebook_uFEq2LQpn.ipynb","upload_id":"done","max_part_num":1},"usage":{"access_count":0,"last_accessor_id":"1000331001","last_access_time":1598884743668}}]}