{"metadata":{"asset_id":"1e6d8ba9-b859-4122-8511-e30278dd48a7","asset_attributes":["wml_model"],"name":"Churn Risk Model Auto AI - P4 RandomForestClassifierEstimator","asset_type":"wml_model","created_at":"2020-08-29T18:57:42Z","description":"","origin_country":"us","owner_id":"1000331001","project_id":"89b8cb33-3d8f-43f6-a0bd-3d0003fcd0af","sandbox_id":"89b8cb33-3d8f-43f6-a0bd-3d0003fcd0af","size":192808,"tags":["dsx-autoai","dsx-project.89b8cb33-3d8f-43f6-a0bd-3d0003fcd0af"],"usage":{"last_update_time":1598972018474,"last_updated_at":"2020-09-01T14:53:38Z"}},"entity":{"wml_model":{"tags":[{"value":"dsx-autoai","description":"An identifier for distinguishing v4 models imported from Watson Studio AutoAI"},{"value":"dsx-project.89b8cb33-3d8f-43f6-a0bd-3d0003fcd0af","description":"guid of associated DSX project"}],"content_status":{"state":"persisted"},"software_spec":{"name":"hybrid_0.1","base_id":"8c1a58c6-62b5-4dc4-987a-df751c2756b6"},"pipeline":{"id":"2ae02ed2-700c-418c-a08d-7d9c5185823d"},"import":{"location":{"path":"/projects/89b8cb33-3d8f-43f6-a0bd-3d0003fcd0af/assets/auto_ml/c966a2da-2163-4c3d-899b-2be741314561/wml_data/df7a326e-ab23-4afe-bd2a-487aded4890a/data/automl/hpo_c_output/Pipeline1/model.pickle"},"type":"fs","connection":{}},"type":"wml-hybrid_0.1","instance_id":"999","schemas":{"input":[{"id":"auto_ai_kb_input_schema","fields":[{"name":"ID","type":"int64"},{"name":"AGE_GROUP","type":"object"},{"name":"GENDER","type":"object"},{"name":"STATUS","type":"object"},{"name":"CHILDREN","type":"int64"},{"name":"ESTINCOME","type":"float64"},{"name":"HOMEOWNER","type":"object"},{"name":"AGE","type":"int64"},{"name":"TAXID","type":"int64"},{"name":"CREDITCARD","type":"int64"},{"name":"DOB","type":"int64"},{"name":"ADDRESS_1","type":"object"},{"name":"ADDRESS_2","type":"float64"},{"name":"CITY","type":"object"},{"name":"STATE","type":"object"},{"name":"ZIP","type":"int64"},{"name":"ZIP4","type":"int64"},{"name":"LONGITUDE","type":"float64"},{"name":"LATITUDE","type":"float64"},{"name":"TOTALDOLLARVALUETRADED","type":"float64"},{"name":"TOTALUNITSTRADED","type":"int64"},{"name":"LARGESTSINGLETRANSACTION","type":"int64"},{"name":"SMALLESTSINGLETRANSACTION","type":"int64"},{"name":"PERCENTCHANGECALCULATION","type":"float64"},{"name":"DAYSSINCELASTLOGIN","type":"int64"},{"name":"DAYSSINCELASTTRADE","type":"int64"},{"name":"NETREALIZEDGAINS_YTD","type":"float64"},{"name":"NETREALIZEDLOSSES_YTD","type":"float64"}]}],"output":[]}}},"attachments":[{"id":"944c3714-9a62-49d9-b9f8-e749cc330bd2","version":2,"asset_type":"wml_model","name":"native","object_key":"wml_model/1e6d8ba9-b859-4122-8511-e30278dd48a7/9e8820b6-c3a6-46fc-a20f-60c059ea0cbf","create_time":1598972018134,"size":192083,"is_remote":false,"is_managed":false,"is_referenced":true,"is_object_key_read_only":false,"is_user_provided_path_key":true,"transfer_complete":true,"is_partitioned":false,"complete_time_ticks":1598972018134,"user_data":{},"test_doc":0,"handle":{"key":"wml_model/1e6d8ba9-b859-4122-8511-e30278dd48a7/9e8820b6-c3a6-46fc-a20f-60c059ea0cbf","upload_id":"done","max_part_num":1},"usage":{"access_count":0,"last_accessor_id":"icp4d-dev","last_access_time":1598972018134}},{"id":"3a76a19c-4717-4b6a-b5b8-4a0dd559f9bc","version":2,"asset_type":"wml_model","name":"pipeline_model","object_key":"wml_model/1e6d8ba9-b859-4122-8511-e30278dd48a7/6931ba8a-8bdc-49bf-9aa7-38cabf3c7c2c","create_time":1598972018394,"size":725,"is_remote":false,"is_managed":false,"is_referenced":true,"is_object_key_read_only":false,"is_user_provided_path_key":true,"transfer_complete":true,"is_partitioned":false,"complete_time_ticks":1598972018394,"user_data":{},"test_doc":0,"handle":{"key":"wml_model/1e6d8ba9-b859-4122-8511-e30278dd48a7/6931ba8a-8bdc-49bf-9aa7-38cabf3c7c2c","upload_id":"done","max_part_num":1},"usage":{"access_count":0,"last_accessor_id":"icp4d-dev","last_access_time":1598972018394}}]}