{"metadata":{"asset_id":"1df8b672-6d47-45cc-9208-f134660996f6","asset_attributes":["wml_model"],"name":"Churn Risk Model Modeler Flow","asset_type":"wml_model","created_at":"2020-08-29T19:56:38Z","description":"Churn Risk Model Modeler Flow\n","origin_country":"us","owner_id":"1000331001","project_id":"89b8cb33-3d8f-43f6-a0bd-3d0003fcd0af","sandbox_id":"89b8cb33-3d8f-43f6-a0bd-3d0003fcd0af","size":144416,"tags":[],"usage":{"last_update_time":1598972018208,"last_updated_at":"2020-09-01T14:53:38Z"}},"entity":{"wml_model":{"content_status":{"state":"persisted"},"type":"spss-modeler_18.1","instance_id":"999","runtime":{"id":"spss-modeler_18.1"},"schemas":{"input":[{"id":"default_schema_id","type":"struct","fields":[{"name":"ID","type":"integer","nullable":true,"metadata":{}},{"name":"AGE_GROUP","type":"string","nullable":true,"metadata":{}},{"name":"CHURNRISK","type":"string","nullable":true,"metadata":{}},{"name":"GENDER","type":"string","nullable":true,"metadata":{}},{"name":"STATUS","type":"string","nullable":true,"metadata":{}},{"name":"CHILDREN","type":"integer","nullable":true,"metadata":{}},{"name":"ESTINCOME","type":"double","nullable":true,"metadata":{}},{"name":"HOMEOWNER","type":"string","nullable":true,"metadata":{}},{"name":"AGE","type":"integer","nullable":true,"metadata":{}},{"name":"TAXID","type":"integer","nullable":true,"metadata":{}},{"name":"CREDITCARD","type":"integer","nullable":true,"metadata":{}},{"name":"DOB","type":"integer","nullable":true,"metadata":{}},{"name":"ADDRESS_1","type":"string","nullable":true,"metadata":{}},{"name":"ADDRESS_2","type":"string","nullable":true,"metadata":{}},{"name":"CITY","type":"string","nullable":true,"metadata":{}},{"name":"STATE","type":"string","nullable":true,"metadata":{}},{"name":"ZIP","type":"integer","nullable":true,"metadata":{}},{"name":"ZIP4","type":"integer","nullable":true,"metadata":{}},{"name":"LONGITUDE","type":"double","nullable":true,"metadata":{}},{"name":"LATITUDE","type":"double","nullable":true,"metadata":{}},{"name":"TOTALDOLLARVALUETRADED","type":"double","nullable":true,"metadata":{}},{"name":"TOTALUNITSTRADED","type":"integer","nullable":true,"metadata":{}},{"name":"LARGESTSINGLETRANSACTION","type":"integer","nullable":true,"metadata":{}},{"name":"SMALLESTSINGLETRANSACTION","type":"integer","nullable":true,"metadata":{}},{"name":"PERCENTCHANGECALCULATION","type":"double","nullable":true,"metadata":{}},{"name":"DAYSSINCELASTLOGIN","type":"integer","nullable":true,"metadata":{}},{"name":"DAYSSINCELASTTRADE","type":"integer","nullable":true,"metadata":{}},{"name":"NETREALIZEDGAINS_YTD","type":"double","nullable":true,"metadata":{}},{"name":"NETREALIZEDLOSSES_YTD","type":"double","nullable":true,"metadata":{}}]}],"output":[{"id":"default_schema_id","type":"struct","fields":[{"name":"ID","type":"integer","nullable":true,"metadata":{}},{"name":"AGE_GROUP","type":"string","nullable":true,"metadata":{}},{"name":"CHURNRISK","type":"string","nullable":true,"metadata":{}},{"name":"GENDER","type":"string","nullable":true,"metadata":{}},{"name":"STATUS","type":"string","nullable":true,"metadata":{}},{"name":"CHILDREN","type":"integer","nullable":true,"metadata":{}},{"name":"ESTINCOME","type":"double","nullable":true,"metadata":{}},{"name":"HOMEOWNER","type":"string","nullable":true,"metadata":{}},{"name":"AGE","type":"integer","nullable":true,"metadata":{}},{"name":"TAXID","type":"integer","nullable":true,"metadata":{}},{"name":"CREDITCARD","type":"integer","nullable":true,"metadata":{}},{"name":"DOB","type":"integer","nullable":true,"metadata":{}},{"name":"ADDRESS_1","type":"string","nullable":true,"metadata":{}},{"name":"ADDRESS_2","type":"string","nullable":true,"metadata":{}},{"name":"CITY","type":"string","nullable":true,"metadata":{}},{"name":"STATE","type":"string","nullable":true,"metadata":{}},{"name":"ZIP","type":"integer","nullable":true,"metadata":{}},{"name":"ZIP4","type":"integer","nullable":true,"metadata":{}},{"name":"LONGITUDE","type":"double","nullable":true,"metadata":{}},{"name":"LATITUDE","type":"double","nullable":true,"metadata":{}},{"name":"TOTALDOLLARVALUETRADED","type":"double","nullable":true,"metadata":{}},{"name":"TOTALUNITSTRADED","type":"integer","nullable":true,"metadata":{}},{"name":"LARGESTSINGLETRANSACTION","type":"integer","nullable":true,"metadata":{}},{"name":"SMALLESTSINGLETRANSACTION","type":"integer","nullable":true,"metadata":{}},{"name":"PERCENTCHANGECALCULATION","type":"double","nullable":true,"metadata":{}},{"name":"DAYSSINCELASTLOGIN","type":"integer","nullable":true,"metadata":{}},{"name":"DAYSSINCELASTTRADE","type":"integer","nullable":true,"metadata":{}},{"name":"NETREALIZEDGAINS_YTD","type":"double","nullable":true,"metadata":{}},{"name":"NETREALIZEDLOSSES_YTD","type":"double","nullable":true,"metadata":{}},{"name":"Partition","type":"string","nullable":true,"metadata":{}},{"name":"$R-CHURNRISK","type":"string","nullable":true,"metadata":{}},{"name":"$RC-CHURNRISK","type":"double","nullable":true,"metadata":{}}]}]}}},"attachments":[{"id":"14015490-4abf-4876-9baf-5ce96a14f860","version":2,"asset_type":"wml_model","name":"native","object_key":"wml_model/1df8b672-6d47-45cc-9208-f134660996f6/0e21f34d-fe55-49f9-b34a-f6fb758252f9","create_time":1598972018087,"size":144416,"is_remote":false,"is_managed":false,"is_referenced":true,"is_object_key_read_only":false,"is_user_provided_path_key":true,"transfer_complete":true,"is_partitioned":false,"complete_time_ticks":1598972018087,"user_data":{},"test_doc":0,"handle":{"key":"wml_model/1df8b672-6d47-45cc-9208-f134660996f6/0e21f34d-fe55-49f9-b34a-f6fb758252f9","upload_id":"done","max_part_num":1},"usage":{"access_count":0,"last_accessor_id":"icp4d-dev","last_access_time":1598972018087}}]}