{"metadata":{"asset_id":"2ae02ed2-700c-418c-a08d-7d9c5185823d","asset_attributes":["wml_pipeline"],"name":"Churn Risk Model Auto AI","asset_type":"wml_pipeline","created_at":"2020-08-29T18:01:30Z","description":"Churn Risk Model Auto AI","origin_country":"us","owner_id":"1000331001","project_id":"89b8cb33-3d8f-43f6-a0bd-3d0003fcd0af","sandbox_id":"89b8cb33-3d8f-43f6-a0bd-3d0003fcd0af","size":0,"tags":["dsx-project.89b8cb33-3d8f-43f6-a0bd-3d0003fcd0af"],"usage":{"last_update_time":1598724090671,"last_updated_at":"2020-08-29T18:01:30Z"}},"entity":{"wml_pipeline":{"document":{"doc_type":"pipeline","version":"2.0","pipelines":[{"id":"autoai","runtime_ref":"hybrid","nodes":[{"id":"automl","type":"execution_node","parameters":{"stage_flag":true,"output_logs":true,"optimization":{"learning_type":"classification","label":"CHURNRISK","max_num_daub_ensembles":2,"scorer_for_ranking":"accuracy","compute_pipeline_notebooks_flag":true,"run_cognito_flag":true,"daub_adaptive_subsampling_max_mem_usage":9000000000,"holdout_param":0.1}},"runtime_ref":"autoai","op":"kube"}]}],"runtimes":[{"id":"autoai","name":"auto_ai.kb","app_data":{"wml_data":{"hardware_spec":{"name":"M","base_id":"c076e82c-b2a7-4d20-9c0f-1f0c2fdf5a24"}}}}],"primary_pipeline":"autoai"},"tags":[{"value":"dsx-project.89b8cb33-3d8f-43f6-a0bd-3d0003fcd0af","description":"guid of associated DSX project"}],"model_definition_dependencies":[],"instance_id":"999"}}}